chr1,start1,end1,chr2,start2,end2,,,
chr7,147842010,147842011,chr3,56731610,56731611,,cntnap2,arghef3
chr4,15133208,15133209,chr1,10971095,10971096,,,c1orf127
chr7,26201745,26201746,chr15,40561981,40561982,,cbx3 germline,ccdc32 germline
chr13,64251734,64251735,chr17,66178764,66178765,,,cep112
chr1,47338516,47338517,chr6,45904646,45904647,,cmpk1,clic5
chr5,39787646,39787647,chr10,67189567,67189568,,,ctnna3
chr7,3186962,3186963,chr20,13723512,13723513,,,esf1
chr8,106544712,106544713,chr6,101835896,101835897,,oxr1,grik2
chr8,128827481,128827482,chr22,45222762,45222763,,,kiaa0930
chr3,176965989,176965990,chr1,45955026,45955027,,,mast2
chr5,39787649,39787650,chr3,151430756,151430757,,,med12l
chr16,61045381,61045382,chr14,37300397,37300398,,,mipol1
chr17,20038331,20038332,chr14,20507651,20507652,,specc1,rnase10
chr6,28896122,28896123,chr1,37967110,37967111,,,sf3a3
chr6,113401519,113401520,chr14,24965352,24965353,,,stxbp6
chr3,56782518,56782519,chr5,14306165,14306166,,arghef3,trio
chr3,56782649,56782650,chr5,14306162,14306163,,arghef3,trio
chr17,78478391,78478392,chr14,100526933,100526934,,dnah17,wdr25
chr19,2147063,2147064,chr22,30071818,30071819,,ap3d1,
chr20,13723512,13723513,chr7,3186962,3186963,,esf1,
chr13,73739723,73739724,chr8,15431860,15431861,,klf12,
chr2,11789892,11789893,chr4,161132098,161132099,,lpin1 germline,
chr11,47618868,47618869,chr12,92531278,92531279,,mtch2,
chr2,203191330,203191331,chr9,129429539,129429540,,nbeal1,
chr11,133354228,133354229,chr6,167641393,167641394,,opcml,
chr12,3499205,3499206,chr1,107555334,107555335,,prmt8 germline,
chr2,230497605,230497606,chr17,79652611,79652612,,sp100,
chr3,100523747,100523748,chr10,116390769,116390770,,tmem45a,
chr15,43075957,43075958,chr19,23845120,23845121,,ubr1,
chr3,53141869,53141870,chr1,168217251,168217252,,,
chr5,55569963,55569964,chr10,73729527,73729528,,,
chr4,108408748,108408749,chr11,8818116,8818117,,,
chr17,6438314,6438315,chr12,56964971,56964972,,,
chr15,52297350,52297351,chr13,89898307,89898308,,,
chr1,118858572,118858573,chr15,50897104,50897105,,,
chrX,43549067,43549068,chr16,9284975,9284976,,,
chr11,37407503,37407504,chr17,10235398,10235399,,,
chr8,110602048,110602049,chr18,60016130,60016131,,,
chr1,164271325,164271326,chr2,190134717,190134718,,,
chr6,169996943,169996944,chr21,38914020,38914021,,,
chr1,84052263,84052264,chr5,29576327,29576328,,,
chr4,151811671,151811672,chr5,24370638,24370639,,,
chr21,24841845,24841846,chr5,101161558,101161559,,,
chr1,13299454,13299455,chr6,33062526,33062527,,,
chr3,110032910,110032911,chr6,77939704,77939705,,,
chr4,88184202,88184203,chr6,153515821,153515822,,,
chr12,73620587,73620588,chr7,125624166,125624167,,,
chr18,80020764,80020765,chr7,64510954,64510955,,,
chrX,11935080,11935081,chr7,17055077,17055078,,,
chr13,53965793,53965794,chr8,128827223,128827224,,,
